ID,Phase,Title,Section_Path,Claim_ID,Evidence_Type,Experiment_ID,Result_Status,Description,Source_Policy,Target_Citations,Visualization,Acceptance,Status,Verified_Citations,Depends_On,Must_Verify,Notes
R1,Research,Research snapshot and literature spine,N/A,N/A,n/a,N/A,n/a,Collect the spine references (Quoridor line; solved-games line; certificate line) and lock closest prior work,N/A,0,N/A,Spine list exists with fetch-checked key sources,DONE,0,N/A,yes,Done during paper-from-zero routing; see ../notes/innovation/evidence-links.md; Slatton page and arXiv 2605.22747 fetch-verified 2026-08-02
R2,Research,Evidence-standard landscape (baselines analogue),N/A,N/A,citation,N/A,n/a,Record prior solving approaches and evidence standards in notes/design/baselines.csv (adapted semantics for a game-solving paper),N/A,0,N/A,baselines.csv filled with 6 entries covering competitor/foundational/evidence-standard/anchor categories,DONE,0,R1,yes,Adaptation documented in ../plan/router-decision.md
R3,Research,Positioning and reviewer objections,N/A,N/A,citation,N/A,n/a,Positioning bullets: what changes vs prior work; non-claims; reviewer objections with responses,N/A,0,N/A,At least 3 reviewer objections with responses recorded,DONE,0,R1,yes,In ../brief/contribution-map.yaml (5 objections + risks)
R4,Research,Evidence-pipeline component inventory,N/A,N/A,n/a,N/A,n/a,Inventory all evidence-pipeline components with novelty flags and weaker-replacement analysis in notes/design/method-components.csv,N/A,0,N/A,method-components.csv has 12 components with is_novel and replaceable_by filled,DONE,0,R2;R3,yes,Validated by validate_design_csvs.py after yes/no fix
E1,Experiment,Consolidate 3x9 bounds and replication evidence,Results,C0,experiment,EXP-UB35;EXP-LB33;EXP-UB-9W;EXP-REP-UB;EXP-REP-LB;EXP-REP-9W;EXP-DET,verified,Transcribe archived audit and replication numbers from the two research repos into paper/results/threexnine.csv and the bounds/replication LaTeX tables; every number must match its source artifact path,N/A,0,Bounds audit table + replication comparison table,results CSV exists and every number carries a source path; tables in main.tex match it,DONE,0,R4,yes,threexnine.csv written; tab:bounds matches
E2,Experiment,Consolidate certificate verification receipts,Results,C1,experiment,EXP-CERT-EXH;EXP-CERT-SAMPLE;EXP-CERT-CROSS;EXP-CERT-PROFILE,verified,Transcribe per-part and cross-architecture verification numbers into paper/results/certificates.csv and the verification summary table,N/A,0,Certificate verification summary table,results CSV exists with source paths; table matches,DONE,0,R4,yes,certificates.csv written; tab:cert matches
E3,Experiment,Consolidate stalemate theorem verification,Rules Semantics and the Stalemate Theorem,C2,experiment,EXP-STAL-THM;EXP-STAL-DIVERGE,verified,Transcribe scan coverage and H=2 divergence counts into paper/results/stalemate.csv and the scan coverage table,N/A,0,Scan coverage mini-table,results CSV exists with source paths; table matches,DONE,0,R4,yes,stalemate.csv written; tab:scans matches
E4,Experiment,Consolidate 4x7x7 partial bounds,Frontier Progress on $4\times 7$ Quoridor,C4,experiment,EXP-47-NB;EXP-47-C27,verified,Transcribe 4x7x7 audit numbers into paper/results/fourxseven.csv and its table,N/A,0,Frontier-progress table,results CSV exists with source paths; table matches,DONE,0,R4,yes,fourxseven.csv written; tab:fourseven matches
E5,Experiment,Consolidate ordering races and negative results,Ordering Portfolios and Negative Results,C5,experiment,EXP-ORD-FLOW;EXP-ORD-LAZY;EXP-ORD-REVERSAL;EXP-NEG;EXP-RACE-DICHOTOMY;EXP-SEED;EXP-MLP-PROBE,verified,Transcribe ordering-race node/time numbers; the four negative results and the race dichotomy sweep into paper/results/ordering.csv + race.csv and the ordering table,N/A,0,Ordering race + negative results table,results CSVs exist with source paths; table matches,DONE,0,R4,yes,ordering.csv + race.csv written; tab:ordering matches; race paragraph added per user request; seed-oracle and MLP-probe rows added 2026-08-02 evening (researcher edited main.tex directly; numbers fact-checked independently per NOTE_DU_REDACTEUR)
E6,Experiment,Aggregate certificate acceptance (pending run),Independently Verifiable Certificates,C1,experiment,EXP-AGG18,verified,Await the 18-part qcert-aggregate-1 production verification currently computing on the research PC; on completion transcribe the acceptance receipt and remove the single pending marker via results-backfill,N/A,0,One row of the certificate verification table,Acceptance receipt archived; pending marker replaced by verified numbers,DONE,0,E2,yes,Receipt archived (ok=true; bound 35; 287795827 nodes; 749603013 edges; 30232 s); backfilled 2026-08-02
W1,Writing,Introduction,Introduction,C0,mixed,N/A,n/a,Draft introduction: game solving as exact science; the public frontier and its two open 3x9 cells; verifiability gap; contribution list C0-C5; roadmap,core,8,Frontier-table before/after figure (fig:frontier),Section drafted; every non-trivial claim cited; contributions match contribution-map,DONE,13,R3,yes,Bounded claim language per evidence matrix
W2,Writing,Background and related work,Background and Related Work,C0,citation,N/A,n/a,Quoridor rules summary and complexity (PSPACE 2026); prior Quoridor work (retrograde; agents; frontier solver); solved-games evidence standards; SAT proof logging as methodological model,standard,14,Single-convention notation fixed in prose (no extra figure needed),Distinguishes at least 3 closest lines with citations,DONE,26,R2,yes,Coordinate convention pinned per researcher note; QBF/VeriPB heritage paragraph + scoped exclusivity claim added 2026-08-02 rev.2 (6 new web-verified citations)
W3,Writing,Rules semantics and stalemate theorem,Rules Semantics and the Stalemate Theorem,C2,mixed,N/A,n/a,Bounded-proof semantics; empty-conjunction divergence; theorem statement + proof sketch (both-pawn invariant); sharp H=2 counterexample; mechanical verification summary; H>=3 restriction consequence,core,3,H=2 stalemate construction figure (fig:stalemate) + scan coverage table,Theorem stated precisely; proof sketch sound; verification numbers sourced,DONE,3,E3,yes,Full proof cited to STALEMATE_THEOREM.md artifact; paper carries sketch
W4,Writing,Solvers and audit methodology,Solvers and Audit Methodology,C3,mixed,N/A,n/a,Eager solver; lazy replication solver (architectural independence); conservative audit protocol; differential validation stack; node-exact determinism,standard,5,Methodology stack diagram (fig:stack) + validation inventory table,Both architectures described; audit protocol explicit; validation table sourced,DONE,5,R4,yes,
W5,Writing,Results: the 3x9 frontier cells,Results: The $3\times 9$ Frontier Cells,C0,mixed,N/A,verified,Upper bound 35 (18/18); lower bound 33 refutation (18/18); parity argument; exact horizon; 3x9x9; replication aggregates; determinism fingerprints,core,1,Bounds audit table (tab:bounds) + replication table rows,All numbers match paper/results CSVs; no unsourced number,DONE,1,E1;W4,yes,
W6,Writing,Independently verifiable certificates,Independently Verifiable Certificates,C1,mixed,N/A,verified,qcert-1 format; min-rem extraction (cycle case study); verification levels (sample/walk/exhaustive); cross-architecture H10 acceptance; aggregate composition contract with the single pending marker; trust-boundary analysis,core,2,Certificate pipeline diagram (fig:certpipe) + verification summary table (tab:cert),Format precisely described; all verified numbers sourced; exactly one pending marker present,DONE,2,E2;W5,yes,Pending marker removed after aggregate acceptance; section fully verified
W7,Writing,Frontier progress on 4x7x7,Frontier Progress on $4\times 7$ Quoridor,C4,mixed,N/A,verified,Neither player forces a win within 26 plies; central opening refuted through 27; what remains open,standard,1,Frontier-progress table (tab:fourseven),Numbers sourced; partial nature explicit,DONE,1,E4;W5,yes,
W8,Writing,Ordering portfolios and negative results,Ordering Portfolios and Negative Results,C5,mixed,N/A,verified,Path-flow ordering gains on certified branches; horizon reversal and stable named moves; exact race-endgame dichotomy (computationally established; proof sketch pending); four documented negatives with regression retention,standard,2,Ordering race table (tab:ordering),Numbers sourced; negatives framed as audited results; race dichotomy scoped honestly,DONE,2,E5;W5,yes,Race dichotomy now backed by complete audited proof; new Certificates-as-refutation-oracles paragraph added by researcher; both reconciled in evidence matrix
W9,Writing,Limitations and future work,Limitations and Future Work,C0,citation,N/A,n/a,Not machine-checked; shared-language caveat; uncertified lower bound + survival-certificate idea; remaining 4x7 work; certificate-derived datasets; repository publication status,standard,2,No visual planned for this section,At least 4 concrete limitations tied to evidence status,DONE,2,W6;W7;W8,no,MLP feasibility probe added by researcher; race-proof item removed from future work (done); Pareto lemma remains
W10,Writing,Conclusion,Conclusion,C0,n/a,N/A,verified,Bounded takeaways: cells closed; exact horizon; certificate practice transferable,standard,0,No visual planned for this section,No claim exceeding evidence state; numbers only from verified results,DONE,0,W9,no,
W0,Writing,Abstract,Abstract,C0,n/a,N/A,verified,Problem; approach; key verified outcomes with numbers; the one pending element phrased safely; implication; <=250 words,core,0,No visual planned for this section,Substantive abstract with verified numbers; <=250 words; no citations,DONE,0,W5;W10,yes,Abstract 247 words; verified numbers included
V1,Visual,Frontier table figure,Introduction,C0,figure,N/A,n/a,Rendered 3x9 frontier row (walls 0-10) showing previously known cells and the two cells closed by this work; TikZ,N/A,0,fig:frontier TikZ grid with legend,Compiles; referenced in Introduction; matches Slatton table as of access date,DONE,0,W1,no,Referenced from Sec 1 and Sec 2
V2,Visual,Certificate pipeline diagram,Verifiable Certificates,C1,figure,N/A,n/a,TikZ flow: solver memo -> qcert2 extraction (min-rem) -> parts -> qmerge sort/check -> qverify exhaustive + sample/walk -> qexport JSONL.gz -> SQLite verifier -> aggregate manifest; independence boundaries highlighted,N/A,0,fig:certpipe TikZ pipeline with trust-boundary shading,Compiles; all stages labeled; independence boundary visible,DONE,0,W6,no,resizebox to columnwidth
V3,Visual,Methodology stack diagram,Solvers and Audit Methodology,C3,figure,N/A,n/a,TikZ layered stack: two solver architectures; conservative audits; differential validation; clean-room engines; certificates on top,N/A,0,fig:stack layered TikZ diagram,Compiles; layers match section text,DONE,0,W4,no,text width 74mm boxes
V4,Visual,H=2 stalemate construction,Rules and Proof Semantics,C2,figure,N/A,n/a,TikZ 2x3 board with the two vertical walls and both pawns; caption walks the two-ply line,N/A,0,fig:stalemate TikZ board diagram,Compiles; matches the counterexample exactly,DONE,0,W3,no,Single-convention coordinates per researcher note
RF1,Refinement,Rhythm refinement,N/A,N/A,n/a,N/A,n/a,Apply latex-rhythm-refiner after all writing and visual issues are DONE,N/A,0,N/A,All sections refined and citations preserved,DONE,0,W0;W1;W2;W3;W4;W5;W6;W7;W8;W9;W10;V1;V2;V3;V4,no,Rhythm pass applied 2026-08-02; citations preserved (27 unique keys; audit PASS)
Q1,QA,Citation verification and compile QA,N/A,N/A,n/a,N/A,n/a,Verify citations; run citation policy audits; BibTeX lint; compile when LaTeX toolchain available,N/A,0,N/A,Citation audits pass; bib lint clean; compile clean or toolchain absence documented,DONE,0,RF1,yes,MiKTeX 25.12 user-scope; 8 pages; 0 Overfull; 0 LaTeX warnings; bib lint 0 FAIL; issue audit all PASS
